{"cameraMode":{"drawMode":0,"name":"Shaded","section":"Shading Mode"},"sceneLighting":true,"audioPlay":false,"sceneViewState":{"m_AlwaysRefresh":false,"showFog":true,"showSkybox":true,"showFlares":true,"showImageEffects":true,"showParticleSystems":true,"showVisualEffectGraphs":true,"m_FxEnabled":false},"in2DMode":false,"pivot":{"x":14.134934425354004,"y":10.18691635131836,"z":-8.234488487243653},"rotation":{"x":0.18435852229595185,"y":-0.06326082348823548,"z":0.011922860518097878,"w":0.9807505011558533},"size":453.88909912109377,"orthographic":false}